Header A;Header B;Very Long Header C
Abracadabra;0;FooBar
Abracadabra;1;FooBar
Abracadabra;2;FooBar
Abracadabra;3;FooBar
Abracadabra;4;FooBar
Abracadabra;5;FooBar
Abracadabra;6;FooBar
Abracadabra;7;FooBar
Abracadabra;8;FooBar
Abracadabra;9;FooBar
Abracadabra;10;FooBar
Abracadabra;11;FooBar
Abracadabra;12;FooBar
Abracadabra;13;FooBar
Abracadabra;14;FooBar
Abracadabra;15;FooBar
Abracadabra;16;FooBar
Abracadabra;17;FooBar
Abracadabra;18;FooBar
Abracadabra;19;FooBar
Abracadabra;20;FooBar
Abracadabra;21;FooBar
Abracadabra;22;FooBar
Abracadabra;23;FooBar
Abracadabra;24;FooBar
Abracadabra;25;FooBar
Abracadabra;26;FooBar
Abracadabra;27;FooBar
Abracadabra;28;FooBar
Abracadabra;29;FooBar
Abracadabra;30;FooBar
Abracadabra;31;FooBar
Abracadabra;32;FooBar
Abracadabra;33;FooBar
Abracadabra;34;FooBar
Abracadabra;35;FooBar
Abracadabra;36;FooBar
Abracadabra;37;FooBar
Abracadabra;38;FooBar
Abracadabra;39;FooBar
Abracadabra;40;FooBar
Abracadabra;41;FooBar
Abracadabra;42;FooBar
Abracadabra;43;FooBar
Abracadabra;44;FooBar
Abracadabra;45;FooBar
Abracadabra;46;FooBar
Abracadabra;47;FooBar
Abracadabra;48;FooBar
Abracadabra;49;FooBar
Abracadabra;50;FooBar
Abracadabra;51;FooBar
Abracadabra;52;FooBar
Abracadabra;53;FooBar
Abracadabra;54;FooBar
Abracadabra;55;FooBar
Abracadabra;56;FooBar
Abracadabra;57;FooBar
Abracadabra;58;FooBar
Abracadabra;59;FooBar
Abracadabra;60;FooBar
Abracadabra;61;FooBar
Abracadabra;62;FooBar
Abracadabra;63;FooBar
Abracadabra;64;FooBar
Abracadabra;65;FooBar
Abracadabra;66;FooBar
Abracadabra;67;FooBar
Abracadabra;68;FooBar
Abracadabra;69;FooBar
Abracadabra;70;FooBar
Abracadabra;71;FooBar
Abracadabra;72;FooBar
Abracadabra;73;FooBar
Abracadabra;74;FooBar
Abracadabra;75;FooBar
Abracadabra;76;FooBar
Abracadabra;77;FooBar
Abracadabra;78;FooBar
Abracadabra;79;FooBar
Abracadabra;80;FooBar
Abracadabra;81;FooBar
Abracadabra;82;FooBar
Abracadabra;83;FooBar
Abracadabra;84;FooBar
Abracadabra;85;FooBar
Abracadabra;86;FooBar
Abracadabra;87;FooBar
Abracadabra;88;FooBar
Abracadabra;89;FooBar
Abracadabra;90;FooBar
Abracadabra;91;FooBar
Abracadabra;92;FooBar
Abracadabra;93;FooBar
Abracadabra;94;FooBar
Abracadabra;95;FooBar
Abracadabra;96;FooBar
Abracadabra;97;FooBar
Abracadabra;98;FooBar
Abracadabra;99;FooBar
